attendance_id,firefighter_id,training_id,check_in,check_out,auto_checkout,credit
1,5,1,05:00.0,07:00.0,0,1
2,1,1,05:00.0,07:00.0,0,1
3,3,1,05:00.0,04:00.0,0,1
4,7,1,08:00.0,04:00.0,0,1
5,10,1,04:00.0,02:00.0,0,0
6,4,1,00:00.0,00:00.0,0,0
7,11,1,04:00.0,06:00.0,0,0
8,8,1,07:00.0,03:00.0,1,1
9,3,2,08:00.0,02:00.0,1,1
10,2,2,06:00.0,00:00.0,0,1
11,6,2,03:00.0,05:00.0,0,1
12,5,2,04:00.0,08:00.0,1,1
13,1,2,00:00.0,01:00.0,1,1
14,11,2,08:00.0,07:00.0,1,1
15,10,2,03:00.0,05:00.0,0,0
16,4,2,07:00.0,05:00.0,1,1
17,7,3,08:00.0,05:00.0,1,1
18,10,3,01:00.0,00:00.0,0,1
19,11,3,06:00.0,00:00.0,0,1
20,3,3,07:00.0,03:00.0,1,1
21,5,3,05:00.0,08:00.0,1,1
22,9,3,03:00.0,07:00.0,0,1
23,6,3,08:00.0,00:00.0,0,1
24,8,3,01:00.0,00:00.0,0,1
25,10,4,04:00.0,00:00.0,0,1
26,8,4,04:00.0,07:00.0,0,1
27,2,4,01:00.0,01:00.0,1,1
28,6,4,07:00.0,01:00.0,0,1
29,4,4,02:00.0,02:00.0,0,0
30,11,4,08:00.0,01:00.0,1,1
31,7,4,08:00.0,02:00.0,0,0
32,3,4,05:00.0,05:00.0,0,1
33,9,5,08:00.0,07:00.0,0,1
34,4,5,02:00.0,08:00.0,0,1
35,7,5,08:00.0,04:00.0,0,0
36,5,5,03:00.0,06:00.0,0,1
37,1,5,05:00.0,01:00.0,1,1
38,11,5,06:00.0,04:00.0,1,1
39,2,5,03:00.0,07:00.0,0,1
40,8,5,01:00.0,05:00.0,0,1
41,5,6,08:00.0,08:00.0,0,1
42,8,6,01:00.0,04:00.0,0,1
43,7,6,07:00.0,00:00.0,0,1
44,2,6,00:00.0,00:00.0,1,1
45,3,6,05:00.0,06:00.0,0,1
46,9,6,08:00.0,06:00.0,0,1
47,4,6,07:00.0,08:00.0,1,1
48,11,6,06:00.0,06:00.0,0,1
49,10,7,01:00.0,05:00.0,0,1
50,2,7,08:00.0,08:00.0,0,1
51,6,7,07:00.0,00:00.0,0,1
52,7,7,05:00.0,06:00.0,1,1
53,5,7,00:00.0,08:00.0,0,1
54,11,7,05:00.0,02:00.0,0,1
55,8,7,06:00.0,04:00.0,0,1
56,9,7,05:00.0,02:00.0,0,1
57,7,8,04:00.0,00:00.0,0,0
58,3,8,07:00.0,00:00.0,0,1
59,5,8,03:00.0,00:00.0,0,1
60,9,8,07:00.0,05:00.0,0,1
61,2,8,02:00.0,05:00.0,0,1
62,8,8,05:00.0,07:00.0,1,1
63,4,8,00:00.0,03:00.0,0,1
64,6,8,08:00.0,01:00.0,0,1
65,11,9,04:00.0,04:00.0,0,1
66,4,9,02:00.0,01:00.0,0,1
67,5,9,00:00.0,02:00.0,0,1
68,10,9,06:00.0,06:00.0,1,1
69,2,9,05:00.0,05:00.0,0,1
70,6,9,07:00.0,04:00.0,0,1
71,3,9,05:00.0,00:00.0,0,1
72,1,9,07:00.0,00:00.0,0,1
73,7,10,04:00.0,03:00.0,0,1
74,8,10,07:00.0,00:00.0,0,0
75,10,10,01:00.0,00:00.0,1,1
76,1,10,00:00.0,05:00.0,0,1
77,9,10,07:00.0,03:00.0,0,1
78,3,10,05:00.0,08:00.0,0,1
79,11,10,08:00.0,08:00.0,0,1
80,5,10,06:00.0,08:00.0,1,1
81,10,11,01:00.0,06:00.0,1,1
82,5,11,08:00.0,03:00.0,0,0
83,8,11,05:00.0,04:00.0,0,1
84,11,11,04:00.0,06:00.0,0,1
85,2,11,04:00.0,04:00.0,1,1
86,7,11,05:00.0,02:00.0,0,1
87,1,11,08:00.0,07:00.0,0,1
88,3,11,07:00.0,08:00.0,0,1
89,1,12,06:00.0,04:00.0,0,1
90,3,12,08:00.0,06:00.0,1,1
91,6,12,08:00.0,07:00.0,0,1
92,11,12,04:00.0,04:00.0,0,1
93,7,12,08:00.0,01:00.0,0,0
94,4,12,00:00.0,02:00.0,0,1
95,8,12,07:00.0,02:00.0,1,1
96,5,12,01:00.0,00:00.0,0,1
97,9,13,03:00.0,00:00.0,1,1
98,4,13,08:00.0,03:00.0,0,1
99,6,13,02:00.0,06:00.0,1,1
100,10,13,04:00.0,00:00.0,0,1
101,1,13,08:00.0,04:00.0,0,1
102,5,13,03:00.0,00:00.0,0,1
103,3,13,04:00.0,05:00.0,0,1
104,7,13,02:00.0,05:00.0,1,1
105,4,14,06:00.0,01:00.0,1,1
106,9,14,08:00.0,01:00.0,1,1
107,7,14,06:00.0,01:00.0,1,1
108,2,14,00:00.0,01:00.0,0,1
109,8,14,04:00.0,05:00.0,0,1
110,6,14,04:00.0,07:00.0,1,1
111,1,14,06:00.0,00:00.0,0,1
112,3,14,07:00.0,02:00.0,0,1
113,9,15,08:00.0,03:00.0,1,1
114,3,15,00:00.0,05:00.0,0,0
115,8,15,06:00.0,03:00.0,0,1
116,2,15,05:00.0,04:00.0,0,1
117,7,15,07:00.0,03:00.0,0,1
118,1,15,07:00.0,08:00.0,0,1
119,5,15,02:00.0,00:00.0,0,1
120,6,15,05:00.0,04:00.0,0,1
121,9,16,01:00.0,04:00.0,0,1
122,1,16,04:00.0,04:00.0,0,1
123,11,16,01:00.0,04:00.0,1,1
124,5,16,01:00.0,06:00.0,0,0
125,8,16,03:00.0,08:00.0,1,1
126,10,16,03:00.0,03:00.0,0,1
127,4,16,00:00.0,07:00.0,0,1
128,6,16,08:00.0,08:00.0,0,1
129,5,17,00:00.0,07:00.0,0,1
130,10,17,00:00.0,06:00.0,1,0
131,11,17,05:00.0,08:00.0,0,1
132,4,17,07:00.0,08:00.0,0,1
133,3,17,06:00.0,04:00.0,0,1
134,8,17,07:00.0,04:00.0,1,1
135,6,17,07:00.0,07:00.0,0,1
136,2,17,08:00.0,00:00.0,0,1
137,2,18,02:00.0,01:00.0,0,1
138,10,18,01:00.0,02:00.0,0,1
139,5,18,02:00.0,04:00.0,0,1
140,9,18,03:00.0,07:00.0,0,0
141,11,18,04:00.0,04:00.0,0,1
142,4,18,05:00.0,02:00.0,0,1
143,6,18,04:00.0,06:00.0,0,1
144,7,18,02:00.0,07:00.0,0,1
145,3,19,04:00.0,06:00.0,1,1
146,4,19,07:00.0,08:00.0,0,1
147,1,19,00:00.0,00:00.0,0,1
148,8,19,04:00.0,01:00.0,0,1
149,9,19,07:00.0,01:00.0,0,1
150,2,19,05:00.0,06:00.0,0,1
151,6,19,00:00.0,07:00.0,0,1
152,10,19,03:00.0,05:00.0,0,1
153,9,20,02:00.0,02:00.0,0,1
154,1,20,00:00.0,04:00.0,1,1
155,6,20,01:00.0,06:00.0,0,1
156,8,20,02:00.0,01:00.0,1,1
157,5,20,06:00.0,00:00.0,0,1
158,4,20,03:00.0,00:00.0,0,1
159,2,20,04:00.0,00:00.0,0,1
160,7,20,03:00.0,04:00.0,0,1
161,5,21,07:00.0,06:00.0,0,1
162,9,21,05:00.0,08:00.0,1,0
163,8,21,00:00.0,02:00.0,0,1
164,10,21,00:00.0,07:00.0,0,1
165,6,21,00:00.0,03:00.0,1,1
166,4,21,01:00.0,03:00.0,1,1
167,2,21,03:00.0,00:00.0,0,1
168,3,21,06:00.0,03:00.0,0,1
169,10,22,06:00.0,07:00.0,0,1
170,2,22,07:00.0,04:00.0,1,1
171,6,22,00:00.0,02:00.0,0,1
172,11,22,02:00.0,06:00.0,0,1
173,9,22,06:00.0,04:00.0,0,1
174,1,22,04:00.0,00:00.0,0,0
175,3,22,05:00.0,05:00.0,1,1
176,7,22,04:00.0,02:00.0,1,1
177,11,23,02:00.0,08:00.0,1,1
178,3,23,05:00.0,05:00.0,1,1
179,5,23,02:00.0,06:00.0,1,1
180,8,23,08:00.0,08:00.0,1,1
181,4,23,05:00.0,02:00.0,0,1
182,10,23,00:00.0,01:00.0,0,1
183,1,23,03:00.0,03:00.0,1,1
184,6,23,02:00.0,05:00.0,0,1
185,4,24,01:00.0,08:00.0,0,1
186,9,24,00:00.0,08:00.0,1,1
187,8,24,03:00.0,04:00.0,0,0
188,3,24,04:00.0,08:00.0,0,1
189,10,24,01:00.0,06:00.0,1,1
190,1,24,03:00.0,02:00.0,0,1
191,5,24,00:00.0,04:00.0,1,1
192,6,24,01:00.0,08:00.0,0,1
193,10,25,03:00.0,08:00.0,1,1
194,5,25,00:00.0,05:00.0,0,1
195,2,25,05:00.0,03:00.0,1,1
196,4,25,03:00.0,04:00.0,0,1
197,9,25,04:00.0,03:00.0,0,1
198,6,25,08:00.0,01:00.0,0,1
199,3,25,03:00.0,05:00.0,0,1
200,1,25,04:00.0,03:00.0,0,1
201,3,26,02:00.0,04:00.0,0,1
202,6,26,08:00.0,04:00.0,1,1
203,8,26,02:00.0,02:00.0,0,1
204,10,26,04:00.0,02:00.0,0,1
205,4,26,04:00.0,03:00.0,0,1
206,11,26,05:00.0,01:00.0,1,1
207,9,26,04:00.0,01:00.0,0,1
208,5,26,08:00.0,02:00.0,0,1
209,4,27,01:00.0,08:00.0,1,1
210,1,27,08:00.0,01:00.0,0,1
211,8,27,07:00.0,05:00.0,0,1
212,2,27,08:00.0,01:00.0,0,1
213,9,27,02:00.0,04:00.0,0,1
214,6,27,06:00.0,05:00.0,0,1
215,11,27,05:00.0,00:00.0,1,1
216,5,27,02:00.0,02:00.0,1,1
217,8,28,03:00.0,03:00.0,0,1
218,2,28,04:00.0,05:00.0,1,1
219,7,28,00:00.0,05:00.0,0,1
220,5,28,07:00.0,08:00.0,1,1
221,1,28,01:00.0,06:00.0,0,1
222,4,28,03:00.0,08:00.0,0,1
223,3,28,01:00.0,01:00.0,1,1
224,9,28,04:00.0,04:00.0,0,1
225,3,29,00:00.0,00:00.0,1,1
226,5,29,07:00.0,07:00.0,0,1
227,6,29,06:00.0,03:00.0,0,1
228,9,29,00:00.0,02:00.0,0,1
229,11,29,02:00.0,03:00.0,0,1
230,8,29,05:00.0,05:00.0,0,1
231,7,29,04:00.0,06:00.0,0,0
232,4,29,08:00.0,06:00.0,1,0
233,5,30,01:00.0,04:00.0,0,1
234,2,30,03:00.0,08:00.0,1,0
235,11,30,03:00.0,08:00.0,1,1
236,3,30,00:00.0,03:00.0,1,0
237,10,30,05:00.0,05:00.0,1,1
238,7,30,07:00.0,06:00.0,0,1
239,9,30,04:00.0,00:00.0,0,1
240,8,30,04:00.0,02:00.0,0,1
241,4,31,05:00.0,04:00.0,0,1
242,2,31,01:00.0,01:00.0,0,1
243,6,31,05:00.0,00:00.0,0,1
244,1,31,03:00.0,01:00.0,0,1
245,8,31,03:00.0,02:00.0,0,1
246,3,31,08:00.0,06:00.0,1,1
247,7,31,03:00.0,01:00.0,0,1
248,11,31,08:00.0,03:00.0,0,1
249,9,32,05:00.0,08:00.0,1,0
250,6,32,06:00.0,04:00.0,0,1
251,1,32,05:00.0,07:00.0,0,1
252,10,32,07:00.0,07:00.0,0,1
253,2,32,05:00.0,06:00.0,0,1
254,7,32,00:00.0,07:00.0,0,1
255,4,32,04:00.0,05:00.0,0,1
256,3,32,00:00.0,05:00.0,0,1
257,9,33,01:00.0,00:00.0,0,1
258,6,33,08:00.0,03:00.0,0,1
259,2,33,00:00.0,03:00.0,0,0
260,8,33,01:00.0,01:00.0,0,1
261,5,33,05:00.0,05:00.0,0,0
262,7,33,05:00.0,02:00.0,0,1
263,11,33,03:00.0,08:00.0,0,1
264,4,33,02:00.0,02:00.0,1,1
265,2,34,02:00.0,07:00.0,1,1
266,5,34,02:00.0,07:00.0,1,1
267,9,34,08:00.0,01:00.0,0,1
268,11,34,05:00.0,02:00.0,0,1
269,10,34,01:00.0,01:00.0,0,1
270,1,34,02:00.0,08:00.0,0,0
271,4,34,01:00.0,03:00.0,1,1
272,8,34,06:00.0,07:00.0,1,1
273,6,35,03:00.0,08:00.0,0,1
274,1,35,07:00.0,06:00.0,0,1
275,5,35,00:00.0,06:00.0,0,1
276,9,35,06:00.0,04:00.0,0,1
277,8,35,08:00.0,00:00.0,0,1
278,2,35,01:00.0,00:00.0,1,1
279,3,35,02:00.0,02:00.0,1,1
280,7,35,07:00.0,00:00.0,0,1
281,2,36,07:00.0,05:00.0,0,1
282,9,36,05:00.0,04:00.0,0,1
283,3,36,05:00.0,01:00.0,0,1
284,4,36,03:00.0,07:00.0,1,1
285,11,36,04:00.0,06:00.0,1,1
286,7,36,05:00.0,01:00.0,1,1
287,6,36,02:00.0,06:00.0,1,1
288,8,36,06:00.0,01:00.0,1,1
289,9,37,08:00.0,04:00.0,0,1
290,3,37,08:00.0,06:00.0,0,1
291,5,37,07:00.0,08:00.0,0,1
292,8,37,01:00.0,01:00.0,0,1
293,1,37,06:00.0,06:00.0,0,1
294,11,37,01:00.0,00:00.0,0,1
295,2,37,04:00.0,04:00.0,0,1
296,6,37,03:00.0,05:00.0,0,1
297,10,38,04:00.0,05:00.0,1,1
298,1,38,07:00.0,05:00.0,1,0
299,5,38,08:00.0,04:00.0,1,1
300,7,38,07:00.0,06:00.0,0,1
301,11,38,01:00.0,07:00.0,0,1
302,6,38,08:00.0,01:00.0,1,1
303,9,38,06:00.0,05:00.0,0,1
304,8,38,01:00.0,08:00.0,1,1
305,4,39,01:00.0,05:00.0,0,1
306,11,39,00:00.0,00:00.0,0,1
307,1,39,08:00.0,07:00.0,0,0
308,8,39,04:00.0,08:00.0,1,1
309,3,39,07:00.0,05:00.0,0,1
310,5,39,06:00.0,07:00.0,0,0
311,9,39,03:00.0,02:00.0,0,1
312,6,39,01:00.0,01:00.0,0,1
313,2,40,08:00.0,01:00.0,1,1
314,7,40,00:00.0,06:00.0,0,1
315,4,40,07:00.0,01:00.0,1,1
316,5,40,03:00.0,08:00.0,0,1
317,1,40,02:00.0,08:00.0,0,1
318,10,40,08:00.0,03:00.0,0,1
319,6,40,05:00.0,01:00.0,0,1
320,9,40,00:00.0,05:00.0,1,0
321,4,41,02:00.0,08:00.0,1,1
322,6,41,06:00.0,08:00.0,0,1
323,1,41,04:00.0,00:00.0,0,1
324,9,41,03:00.0,06:00.0,0,1
325,10,41,02:00.0,01:00.0,1,1
326,7,41,05:00.0,01:00.0,0,1
327,8,41,05:00.0,01:00.0,0,1
328,5,41,05:00.0,07:00.0,0,1
329,1,42,01:00.0,06:00.0,1,1
330,4,42,00:00.0,07:00.0,1,0
331,5,42,04:00.0,05:00.0,0,1
332,7,42,05:00.0,05:00.0,0,1
333,3,42,02:00.0,08:00.0,1,1
334,10,42,04:00.0,08:00.0,0,1
335,8,42,02:00.0,05:00.0,0,1
336,2,42,08:00.0,03:00.0,1,0
337,1,43,07:00.0,07:00.0,0,1
338,5,43,00:00.0,06:00.0,0,1
339,4,43,05:00.0,08:00.0,1,1
340,8,43,04:00.0,08:00.0,1,1
341,6,43,01:00.0,07:00.0,0,0
342,10,43,08:00.0,02:00.0,1,1
343,11,43,06:00.0,08:00.0,0,1
344,9,43,07:00.0,04:00.0,1,1
345,7,44,07:00.0,06:00.0,0,1
346,6,44,00:00.0,03:00.0,1,1
347,5,44,01:00.0,04:00.0,1,1
348,8,44,01:00.0,06:00.0,0,1
349,10,44,06:00.0,01:00.0,1,1
350,9,44,07:00.0,04:00.0,0,1
351,1,44,03:00.0,04:00.0,1,1
352,2,44,04:00.0,07:00.0,1,1
353,7,45,00:00.0,05:00.0,0,1
354,8,45,01:00.0,01:00.0,0,0
355,5,45,05:00.0,01:00.0,1,1
356,2,45,00:00.0,01:00.0,0,1
357,4,45,06:00.0,00:00.0,0,1
358,3,45,02:00.0,06:00.0,1,1
359,10,45,07:00.0,06:00.0,0,1
360,1,45,03:00.0,07:00.0,0,1
361,8,46,01:00.0,03:00.0,1,1
362,10,46,08:00.0,02:00.0,0,1
363,4,46,05:00.0,00:00.0,0,0
364,5,46,03:00.0,03:00.0,0,1
365,6,46,00:00.0,03:00.0,0,1
366,9,46,08:00.0,01:00.0,0,0
367,2,46,07:00.0,07:00.0,1,1
368,11,46,03:00.0,03:00.0,0,0
369,1,47,03:00.0,08:00.0,1,1
370,8,47,03:00.0,04:00.0,0,1
371,5,47,05:00.0,03:00.0,1,1
372,4,47,07:00.0,08:00.0,0,0
373,11,47,04:00.0,01:00.0,0,1
374,2,47,06:00.0,08:00.0,0,1
375,9,47,03:00.0,06:00.0,0,1
376,3,47,00:00.0,02:00.0,0,1
377,5,48,06:00.0,08:00.0,0,0
378,9,48,02:00.0,05:00.0,0,1
379,10,48,05:00.0,07:00.0,0,1
380,11,48,04:00.0,00:00.0,1,1
381,3,48,05:00.0,00:00.0,0,1
382,1,48,01:00.0,08:00.0,1,1
383,6,48,02:00.0,07:00.0,0,1
384,7,48,03:00.0,08:00.0,0,1
385,9,49,03:00.0,06:00.0,0,1
386,2,49,05:00.0,00:00.0,0,1
387,8,49,00:00.0,05:00.0,0,1
388,6,49,08:00.0,03:00.0,0,1
389,4,49,01:00.0,00:00.0,0,1
390,3,49,05:00.0,02:00.0,0,1
391,7,49,02:00.0,06:00.0,0,1
392,10,49,00:00.0,08:00.0,0,1
393,7,50,08:00.0,03:00.0,0,1
394,10,50,05:00.0,05:00.0,0,0
395,1,50,01:00.0,03:00.0,1,1
396,3,50,06:00.0,02:00.0,0,1
397,8,50,03:00.0,01:00.0,0,1
398,4,50,02:00.0,00:00.0,0,0
399,6,50,04:00.0,08:00.0,0,1
400,5,50,05:00.0,03:00.0,1,1
401,6,51,05:00.0,01:00.0,1,1
402,3,51,04:00.0,06:00.0,0,1
403,1,51,05:00.0,06:00.0,1,1
404,2,51,05:00.0,07:00.0,0,1
405,7,51,02:00.0,03:00.0,0,1
406,4,51,02:00.0,01:00.0,1,1
407,5,51,02:00.0,05:00.0,0,0
408,8,51,01:00.0,02:00.0,0,0
409,11,52,01:00.0,01:00.0,0,1
410,2,52,01:00.0,07:00.0,0,1
411,5,52,01:00.0,02:00.0,1,1
412,1,52,07:00.0,04:00.0,0,1
413,3,52,02:00.0,08:00.0,1,1
414,4,52,00:00.0,08:00.0,1,1
415,10,52,02:00.0,00:00.0,0,1
416,8,52,06:00.0,07:00.0,1,1
417,9,53,04:00.0,08:00.0,1,1
418,10,53,06:00.0,01:00.0,1,1
419,2,53,03:00.0,07:00.0,1,1
420,1,53,05:00.0,08:00.0,0,1
421,6,53,08:00.0,08:00.0,0,1
422,3,53,08:00.0,01:00.0,0,1
423,5,53,06:00.0,00:00.0,0,1
424,7,53,04:00.0,04:00.0,0,1
425,1,54,06:00.0,05:00.0,0,1
426,5,54,01:00.0,03:00.0,0,1
427,4,54,07:00.0,05:00.0,0,0
428,9,54,00:00.0,01:00.0,0,1
429,7,54,08:00.0,01:00.0,0,1
430,3,54,07:00.0,04:00.0,0,1
431,6,54,00:00.0,07:00.0,1,0
432,10,54,03:00.0,04:00.0,0,1
433,11,55,02:00.0,06:00.0,0,1
434,8,55,05:00.0,08:00.0,0,1
435,4,55,07:00.0,03:00.0,0,1
436,7,55,03:00.0,02:00.0,0,1
437,9,55,08:00.0,02:00.0,1,1
438,5,55,00:00.0,07:00.0,0,1
439,1,55,08:00.0,07:00.0,0,1
440,2,55,05:00.0,03:00.0,0,1
441,2,56,06:00.0,04:00.0,1,1
442,11,56,00:00.0,07:00.0,0,1
443,3,56,05:00.0,05:00.0,0,1
444,9,56,04:00.0,07:00.0,0,1
445,8,56,03:00.0,02:00.0,0,1
446,4,56,06:00.0,04:00.0,0,1
447,5,56,08:00.0,04:00.0,0,1
448,6,56,06:00.0,01:00.0,1,0
449,9,57,00:00.0,06:00.0,0,1
450,11,57,05:00.0,00:00.0,0,1
451,8,57,08:00.0,00:00.0,0,1
452,7,57,04:00.0,07:00.0,0,0
453,6,57,02:00.0,03:00.0,0,1
454,3,57,05:00.0,03:00.0,1,1
455,2,57,00:00.0,01:00.0,0,1
456,4,57,03:00.0,04:00.0,0,0
457,1,58,07:00.0,04:00.0,0,1
458,5,58,03:00.0,06:00.0,0,1
459,6,58,06:00.0,07:00.0,1,1
460,10,58,01:00.0,06:00.0,0,1
461,11,58,01:00.0,02:00.0,1,1
462,9,58,05:00.0,03:00.0,0,1
463,7,58,08:00.0,03:00.0,0,1
464,2,58,01:00.0,08:00.0,1,1
465,1,59,04:00.0,00:00.0,1,1
466,5,59,01:00.0,04:00.0,1,1
467,4,59,01:00.0,08:00.0,0,1
468,10,59,08:00.0,00:00.0,0,1
469,9,59,04:00.0,05:00.0,1,1
470,6,59,06:00.0,05:00.0,1,1
471,2,59,03:00.0,04:00.0,0,1
472,7,59,06:00.0,01:00.0,0,1
473,5,60,03:00.0,04:00.0,0,1
474,1,60,06:00.0,05:00.0,1,0
475,4,60,04:00.0,07:00.0,1,1
476,9,60,06:00.0,03:00.0,0,1
477,8,60,00:00.0,02:00.0,1,1
478,6,60,04:00.0,02:00.0,0,1
479,2,60,02:00.0,05:00.0,1,1
480,10,60,02:00.0,07:00.0,0,1
481,2,61,08:00.0,05:00.0,1,1
482,6,61,03:00.0,08:00.0,0,1
483,10,61,03:00.0,06:00.0,0,1
484,8,61,06:00.0,08:00.0,0,1
485,1,61,06:00.0,06:00.0,0,1
486,3,61,01:00.0,02:00.0,0,1
487,9,61,04:00.0,08:00.0,0,1
488,4,61,07:00.0,06:00.0,0,0
489,2,62,01:00.0,00:00.0,0,1
490,1,62,01:00.0,08:00.0,1,1
491,4,62,07:00.0,05:00.0,0,1
492,9,62,07:00.0,02:00.0,1,1
493,8,62,03:00.0,04:00.0,0,1
494,5,62,03:00.0,08:00.0,0,0
495,3,62,01:00.0,03:00.0,0,1
496,10,62,06:00.0,07:00.0,1,1
497,4,63,02:00.0,02:00.0,0,1
498,1,63,08:00.0,05:00.0,0,1
499,9,63,04:00.0,00:00.0,1,1
500,10,63,01:00.0,00:00.0,0,1
501,2,63,00:00.0,03:00.0,1,1
502,11,63,06:00.0,02:00.0,0,1
503,6,63,03:00.0,05:00.0,1,1
504,5,63,01:00.0,02:00.0,0,0
505,11,64,00:00.0,01:00.0,0,1
506,10,64,04:00.0,08:00.0,0,1
507,1,64,02:00.0,00:00.0,1,1
508,3,64,00:00.0,06:00.0,1,1
509,5,64,01:00.0,03:00.0,1,1
510,2,64,08:00.0,03:00.0,0,1
511,6,64,01:00.0,02:00.0,0,1
512,8,64,03:00.0,08:00.0,1,1
513,1,65,08:00.0,04:00.0,0,1
514,8,65,07:00.0,08:00.0,0,1
515,10,65,03:00.0,05:00.0,0,1
516,9,65,08:00.0,05:00.0,0,1
517,7,65,01:00.0,08:00.0,1,1
518,6,65,02:00.0,07:00.0,1,1
519,5,65,01:00.0,02:00.0,0,1
520,3,65,00:00.0,04:00.0,0,1
521,1,66,02:00.0,08:00.0,0,1
522,5,66,08:00.0,06:00.0,0,1
523,3,66,01:00.0,07:00.0,0,1
524,11,66,07:00.0,01:00.0,1,1
525,4,66,07:00.0,07:00.0,1,1
526,2,66,07:00.0,06:00.0,0,1
527,10,66,04:00.0,05:00.0,0,1
528,8,66,02:00.0,01:00.0,1,1
529,4,67,05:00.0,05:00.0,0,1
530,10,67,06:00.0,08:00.0,0,1
531,9,67,06:00.0,01:00.0,0,1
532,5,67,05:00.0,06:00.0,1,0
533,6,67,04:00.0,02:00.0,0,1
534,8,67,02:00.0,03:00.0,0,1
535,7,67,07:00.0,04:00.0,0,1
536,11,67,03:00.0,08:00.0,0,1
537,7,68,08:00.0,03:00.0,1,1
538,11,68,02:00.0,07:00.0,0,1
539,4,68,03:00.0,03:00.0,1,1
540,10,68,04:00.0,08:00.0,1,1
541,1,68,04:00.0,05:00.0,0,1
542,5,68,03:00.0,05:00.0,0,1
543,3,68,02:00.0,05:00.0,0,1
544,6,68,04:00.0,04:00.0,0,1
545,5,69,02:00.0,08:00.0,0,0
546,4,69,01:00.0,05:00.0,0,1
547,9,69,01:00.0,05:00.0,0,1
548,8,69,03:00.0,01:00.0,1,1
549,11,69,03:00.0,00:00.0,1,1
550,6,69,03:00.0,06:00.0,0,1
551,3,69,06:00.0,04:00.0,1,1
552,7,69,04:00.0,01:00.0,0,1
553,4,70,07:00.0,07:00.0,0,1
554,6,70,06:00.0,00:00.0,0,1
555,5,70,08:00.0,03:00.0,1,1
556,3,70,08:00.0,07:00.0,0,1
557,10,70,06:00.0,08:00.0,0,1
558,9,70,03:00.0,01:00.0,0,1
559,2,70,04:00.0,03:00.0,0,1
560,11,70,03:00.0,04:00.0,1,1
561,11,71,04:00.0,01:00.0,0,0
562,3,71,06:00.0,02:00.0,0,1
563,6,71,00:00.0,05:00.0,1,1
564,1,71,01:00.0,08:00.0,0,1
565,8,71,06:00.0,08:00.0,1,1
566,4,71,03:00.0,07:00.0,0,1
567,2,71,04:00.0,04:00.0,0,1
568,10,71,00:00.0,01:00.0,1,1
569,4,72,07:00.0,00:00.0,0,1
570,8,72,04:00.0,04:00.0,1,1
571,2,72,07:00.0,01:00.0,1,1
572,10,72,02:00.0,04:00.0,1,1
573,5,72,08:00.0,06:00.0,0,1
574,3,72,07:00.0,04:00.0,0,1
575,1,72,05:00.0,05:00.0,0,1
576,9,72,08:00.0,05:00.0,0,1
577,10,73,06:00.0,06:00.0,1,1
578,8,73,07:00.0,06:00.0,1,1
579,5,73,08:00.0,02:00.0,1,1
580,7,73,03:00.0,06:00.0,1,1
581,2,73,02:00.0,05:00.0,1,1
582,11,73,05:00.0,02:00.0,0,0
583,6,73,07:00.0,03:00.0,1,1
584,4,73,00:00.0,07:00.0,1,1
585,3,74,03:00.0,05:00.0,1,1
586,1,74,00:00.0,02:00.0,0,1
587,11,74,04:00.0,05:00.0,0,1
588,5,74,07:00.0,07:00.0,1,1
589,8,74,00:00.0,03:00.0,0,1
590,9,74,04:00.0,02:00.0,0,1
591,10,74,07:00.0,06:00.0,1,1
592,2,74,06:00.0,03:00.0,0,0
593,10,75,00:00.0,07:00.0,1,1
594,9,75,03:00.0,02:00.0,1,1
595,1,75,04:00.0,03:00.0,0,1
596,5,75,07:00.0,06:00.0,1,1
597,2,75,02:00.0,00:00.0,1,1
598,8,75,03:00.0,07:00.0,0,1
599,3,75,01:00.0,01:00.0,0,1
600,6,75,05:00.0,07:00.0,0,1
601,8,76,01:00.0,01:00.0,0,1
602,6,76,07:00.0,08:00.0,0,0
603,10,76,06:00.0,03:00.0,1,1
604,4,76,08:00.0,04:00.0,0,1
605,7,76,08:00.0,07:00.0,0,1
606,2,76,00:00.0,03:00.0,1,1
607,5,76,07:00.0,03:00.0,0,1
608,11,76,08:00.0,02:00.0,0,0
609,2,77,07:00.0,02:00.0,0,1
610,11,77,01:00.0,07:00.0,1,1
611,7,77,08:00.0,04:00.0,1,1
612,8,77,05:00.0,03:00.0,1,1
613,10,77,03:00.0,00:00.0,0,1
614,4,77,03:00.0,05:00.0,1,1
615,9,77,08:00.0,01:00.0,0,1
616,3,77,04:00.0,02:00.0,0,1
617,5,78,03:00.0,06:00.0,1,1
618,7,78,05:00.0,00:00.0,1,1
619,4,78,02:00.0,05:00.0,0,1
620,9,78,06:00.0,07:00.0,1,0
621,6,78,03:00.0,03:00.0,1,1
622,8,78,00:00.0,07:00.0,0,1
623,11,78,03:00.0,08:00.0,0,1
624,10,78,08:00.0,03:00.0,1,1
625,2,79,08:00.0,03:00.0,0,1
626,4,79,07:00.0,03:00.0,1,1
627,3,79,02:00.0,02:00.0,0,1
628,7,79,07:00.0,04:00.0,0,1
629,6,79,03:00.0,07:00.0,0,1
630,10,79,00:00.0,01:00.0,0,1
631,1,79,06:00.0,04:00.0,1,1
632,11,79,05:00.0,02:00.0,0,1
633,4,80,00:00.0,03:00.0,0,1
634,9,80,02:00.0,05:00.0,0,1
635,7,80,00:00.0,04:00.0,0,1
636,1,80,06:00.0,07:00.0,0,1
637,5,80,08:00.0,05:00.0,1,1
638,3,80,03:00.0,04:00.0,1,1
639,2,80,02:00.0,03:00.0,0,1
640,11,80,00:00.0,05:00.0,0,1
641,11,81,00:00.0,05:00.0,0,1
642,9,81,00:00.0,03:00.0,0,1
643,5,81,03:00.0,04:00.0,1,1
644,2,81,08:00.0,06:00.0,1,1
645,3,81,05:00.0,04:00.0,0,1
646,1,81,00:00.0,08:00.0,0,1
647,7,81,05:00.0,04:00.0,1,1
648,4,81,08:00.0,03:00.0,0,1
649,6,82,00:00.0,03:00.0,0,0
650,2,82,06:00.0,06:00.0,0,1
651,1,82,07:00.0,05:00.0,1,1
652,7,82,00:00.0,00:00.0,1,1
653,5,82,06:00.0,03:00.0,0,1
654,4,82,01:00.0,01:00.0,0,1
655,8,82,02:00.0,03:00.0,0,1
656,9,82,03:00.0,02:00.0,0,1
657,11,83,06:00.0,04:00.0,1,1
658,9,83,06:00.0,06:00.0,0,1
659,4,83,01:00.0,06:00.0,0,1
660,5,83,02:00.0,05:00.0,0,1
661,3,83,04:00.0,04:00.0,0,1
662,7,83,07:00.0,01:00.0,0,1
663,8,83,02:00.0,04:00.0,0,1
664,2,83,03:00.0,05:00.0,0,1
665,7,84,03:00.0,02:00.0,0,1
666,6,84,02:00.0,01:00.0,0,1
667,3,84,07:00.0,04:00.0,0,1
668,2,84,04:00.0,02:00.0,0,1
669,10,84,01:00.0,03:00.0,1,1
670,8,84,07:00.0,08:00.0,0,1
671,5,84,01:00.0,04:00.0,1,1
672,11,84,02:00.0,03:00.0,0,1
673,5,85,07:00.0,06:00.0,0,1
674,6,85,04:00.0,08:00.0,0,1
675,8,85,01:00.0,04:00.0,0,1
676,3,85,04:00.0,06:00.0,1,1
677,2,85,06:00.0,08:00.0,0,1
678,10,85,06:00.0,03:00.0,0,1
679,11,85,06:00.0,08:00.0,0,1
680,9,85,06:00.0,03:00.0,1,1
681,9,86,07:00.0,07:00.0,1,1
682,5,86,06:00.0,06:00.0,0,1
683,8,86,08:00.0,07:00.0,0,1
684,4,86,01:00.0,05:00.0,0,1
685,6,86,01:00.0,08:00.0,1,1
686,2,86,00:00.0,02:00.0,0,1
687,11,86,07:00.0,05:00.0,1,1
688,7,86,01:00.0,01:00.0,0,1
689,6,87,06:00.0,06:00.0,0,1
690,10,87,02:00.0,04:00.0,0,1
691,7,87,06:00.0,00:00.0,0,1
692,2,87,03:00.0,01:00.0,0,0
693,4,87,07:00.0,06:00.0,0,1
694,5,87,04:00.0,02:00.0,0,1
695,8,87,08:00.0,03:00.0,0,1
696,3,87,01:00.0,00:00.0,1,1
697,1,88,03:00.0,04:00.0,0,1
698,9,88,06:00.0,04:00.0,0,1
699,10,88,01:00.0,04:00.0,0,1
700,6,88,01:00.0,00:00.0,0,1
701,4,88,07:00.0,04:00.0,1,1
702,3,88,03:00.0,02:00.0,0,1
703,5,88,01:00.0,01:00.0,0,1
704,7,88,02:00.0,02:00.0,1,1
705,3,89,01:00.0,03:00.0,0,1
706,9,89,05:00.0,00:00.0,0,1
707,2,89,05:00.0,00:00.0,0,1
708,7,89,00:00.0,06:00.0,0,1
709,11,89,08:00.0,03:00.0,1,1
710,8,89,01:00.0,07:00.0,0,1
711,4,89,08:00.0,05:00.0,0,1
712,1,89,07:00.0,05:00.0,0,1
713,2,90,07:00.0,00:00.0,1,1
714,7,90,03:00.0,03:00.0,1,1
715,8,90,07:00.0,05:00.0,1,1
716,5,90,02:00.0,06:00.0,0,1
717,3,90,05:00.0,05:00.0,0,1
718,9,90,00:00.0,03:00.0,1,1
719,6,90,02:00.0,05:00.0,1,1
720,4,90,02:00.0,06:00.0,1,0
721,1,91,03:00.0,06:00.0,0,0
722,6,91,05:00.0,07:00.0,0,1
723,3,91,04:00.0,02:00.0,1,0
724,2,91,06:00.0,00:00.0,0,1
725,4,91,02:00.0,03:00.0,0,1
726,11,91,04:00.0,06:00.0,0,1
727,9,91,05:00.0,08:00.0,0,1
728,7,91,04:00.0,01:00.0,0,1
729,2,92,05:00.0,05:00.0,0,1
730,5,92,00:00.0,00:00.0,0,1
731,10,92,08:00.0,00:00.0,1,1
732,7,92,07:00.0,02:00.0,0,1
733,11,92,02:00.0,07:00.0,1,1
734,9,92,07:00.0,07:00.0,0,1
735,8,92,01:00.0,03:00.0,1,1
736,4,92,05:00.0,06:00.0,0,1
737,7,93,02:00.0,00:00.0,0,1
738,8,93,05:00.0,07:00.0,0,1
739,3,93,08:00.0,00:00.0,1,1
740,11,93,05:00.0,07:00.0,0,0
741,5,93,02:00.0,01:00.0,1,1
742,9,93,02:00.0,01:00.0,0,1
743,10,93,07:00.0,02:00.0,1,1
744,4,93,03:00.0,03:00.0,0,1
745,11,94,02:00.0,02:00.0,0,1
746,7,94,03:00.0,01:00.0,0,1
747,10,94,00:00.0,01:00.0,0,1
748,9,94,01:00.0,02:00.0,0,1
749,8,94,04:00.0,06:00.0,1,1
750,5,94,08:00.0,07:00.0,0,1
751,1,94,05:00.0,00:00.0,0,1
752,4,94,08:00.0,05:00.0,0,1
753,10,95,02:00.0,05:00.0,0,1
754,8,95,01:00.0,01:00.0,0,1
755,1,95,06:00.0,07:00.0,1,1
756,5,95,05:00.0,04:00.0,0,1
757,7,95,07:00.0,05:00.0,0,1
758,6,95,04:00.0,04:00.0,0,1
759,4,95,08:00.0,08:00.0,0,1
760,2,95,07:00.0,08:00.0,0,1
761,2,96,04:00.0,07:00.0,0,1
762,3,96,05:00.0,03:00.0,0,1
763,1,96,03:00.0,07:00.0,0,1
764,5,96,02:00.0,08:00.0,0,1
765,9,96,05:00.0,01:00.0,1,1
766,6,96,01:00.0,07:00.0,0,1
767,8,96,05:00.0,07:00.0,1,1
768,4,96,04:00.0,01:00.0,0,1
769,2,97,08:00.0,00:00.0,1,1
770,4,97,00:00.0,07:00.0,0,1
771,8,97,00:00.0,00:00.0,1,1
772,11,97,08:00.0,01:00.0,0,1
773,7,97,00:00.0,05:00.0,1,1
774,10,97,05:00.0,06:00.0,0,1
775,5,97,01:00.0,07:00.0,1,1
776,9,97,01:00.0,08:00.0,1,1
777,6,98,00:00.0,04:00.0,1,1
778,9,98,08:00.0,06:00.0,1,1
779,8,98,08:00.0,03:00.0,0,1
780,3,98,07:00.0,00:00.0,1,1
781,7,98,02:00.0,01:00.0,1,1
782,11,98,03:00.0,05:00.0,0,1
783,2,98,05:00.0,02:00.0,0,1
784,5,98,01:00.0,04:00.0,0,1
785,4,99,07:00.0,06:00.0,1,1
786,2,99,08:00.0,01:00.0,0,1
787,1,99,05:00.0,01:00.0,0,1
788,6,99,00:00.0,04:00.0,0,1
789,5,99,06:00.0,06:00.0,0,1
790,3,99,08:00.0,02:00.0,0,1
791,8,99,05:00.0,03:00.0,1,1
792,11,99,00:00.0,00:00.0,1,1
793,6,100,00:00.0,04:00.0,0,1
794,1,100,03:00.0,08:00.0,0,1
795,11,100,03:00.0,00:00.0,1,1
796,7,100,00:00.0,03:00.0,0,1
797,2,100,02:00.0,06:00.0,0,1
798,9,100,07:00.0,08:00.0,0,1
799,8,100,08:00.0,01:00.0,1,1
800,4,100,04:00.0,04:00.0,1,1
801,9,101,03:00.0,08:00.0,1,1
802,8,101,02:00.0,05:00.0,0,1
803,11,101,03:00.0,05:00.0,1,0
804,2,101,00:00.0,05:00.0,1,1
805,3,101,02:00.0,07:00.0,0,1
806,4,101,01:00.0,07:00.0,0,0
807,7,101,05:00.0,06:00.0,1,1
808,10,101,03:00.0,04:00.0,1,1
809,8,102,08:00.0,07:00.0,0,1
810,1,102,04:00.0,01:00.0,0,1
811,7,102,08:00.0,03:00.0,0,0
812,3,102,00:00.0,08:00.0,0,1
813,4,102,04:00.0,04:00.0,0,1
814,5,102,03:00.0,02:00.0,0,1
815,11,102,02:00.0,07:00.0,0,1
816,9,102,08:00.0,02:00.0,0,1
817,8,103,05:00.0,06:00.0,0,1
818,3,103,04:00.0,07:00.0,0,1
819,5,103,01:00.0,01:00.0,0,1
820,1,103,02:00.0,01:00.0,0,1
821,9,103,05:00.0,04:00.0,0,0
822,6,103,03:00.0,05:00.0,1,1
823,7,103,06:00.0,08:00.0,0,1
824,10,103,06:00.0,08:00.0,0,1
825,7,104,01:00.0,07:00.0,0,0
826,3,104,04:00.0,01:00.0,0,1
827,5,104,02:00.0,04:00.0,1,1
828,4,104,05:00.0,01:00.0,1,1
829,10,104,04:00.0,01:00.0,1,1
830,1,104,05:00.0,02:00.0,1,1
831,2,104,04:00.0,04:00.0,0,1
832,9,104,03:00.0,03:00.0,0,1
833,6,105,05:00.0,08:00.0,0,1
834,8,105,03:00.0,02:00.0,1,0
835,7,105,06:00.0,08:00.0,1,1
836,2,105,05:00.0,07:00.0,1,1
837,10,105,06:00.0,06:00.0,0,1
838,5,105,08:00.0,08:00.0,0,1
839,11,105,00:00.0,05:00.0,0,1
840,4,105,02:00.0,00:00.0,0,1
841,3,106,06:00.0,05:00.0,0,1
842,9,106,02:00.0,01:00.0,0,1
843,7,106,06:00.0,01:00.0,1,1
844,2,106,05:00.0,03:00.0,0,1
845,1,106,03:00.0,03:00.0,1,1
846,10,106,02:00.0,01:00.0,1,1
847,5,106,02:00.0,00:00.0,1,1
848,6,106,02:00.0,03:00.0,1,1
849,6,107,00:00.0,06:00.0,1,1
850,8,107,02:00.0,05:00.0,0,1
851,4,107,00:00.0,05:00.0,0,0
852,7,107,01:00.0,04:00.0,0,0
853,10,107,08:00.0,03:00.0,0,1
854,2,107,02:00.0,00:00.0,0,1
855,1,107,07:00.0,00:00.0,0,1
856,9,107,06:00.0,05:00.0,0,1
857,4,108,05:00.0,05:00.0,0,0
858,10,108,01:00.0,04:00.0,1,1
859,3,108,08:00.0,02:00.0,0,1
860,6,108,01:00.0,07:00.0,0,1
861,11,108,06:00.0,00:00.0,0,1
862,9,108,00:00.0,06:00.0,1,1
863,8,108,06:00.0,08:00.0,0,1
864,7,108,04:00.0,04:00.0,1,1
865,1,109,01:00.0,03:00.0,0,1
866,11,109,07:00.0,04:00.0,0,1
867,3,109,08:00.0,02:00.0,0,1
868,8,109,08:00.0,05:00.0,0,1
869,4,109,07:00.0,00:00.0,0,1
870,5,109,05:00.0,00:00.0,0,1
871,9,109,08:00.0,00:00.0,1,1
872,10,109,05:00.0,00:00.0,0,1
873,5,110,04:00.0,07:00.0,1,1
874,9,110,04:00.0,02:00.0,0,1
875,8,110,06:00.0,05:00.0,0,1
876,6,110,08:00.0,08:00.0,1,0
877,1,110,00:00.0,08:00.0,0,1
878,2,110,07:00.0,07:00.0,0,1
879,7,110,01:00.0,05:00.0,0,0
880,4,110,07:00.0,03:00.0,1,0
881,9,111,01:00.0,06:00.0,0,1
882,8,111,04:00.0,04:00.0,0,1
883,11,111,05:00.0,05:00.0,1,1
884,7,111,06:00.0,05:00.0,1,0
885,4,111,00:00.0,06:00.0,0,1
886,6,111,06:00.0,03:00.0,1,1
887,5,111,00:00.0,05:00.0,0,1
888,2,111,00:00.0,01:00.0,1,1
889,5,112,03:00.0,03:00.0,1,1
890,7,112,02:00.0,02:00.0,1,0
891,9,112,05:00.0,06:00.0,0,1
892,4,112,06:00.0,05:00.0,0,1
893,8,112,01:00.0,05:00.0,0,1
894,2,112,04:00.0,05:00.0,0,1
895,6,112,06:00.0,08:00.0,0,1
896,10,112,02:00.0,02:00.0,0,1
897,4,113,00:00.0,03:00.0,1,1
898,3,113,07:00.0,06:00.0,0,1
899,8,113,07:00.0,06:00.0,0,1
900,9,113,06:00.0,04:00.0,0,1
901,10,113,03:00.0,00:00.0,0,1
902,6,113,04:00.0,08:00.0,1,1
903,7,113,00:00.0,02:00.0,1,1
904,2,113,00:00.0,01:00.0,1,1
905,4,114,00:00.0,07:00.0,0,1
906,8,114,00:00.0,05:00.0,1,1
907,3,114,01:00.0,08:00.0,0,1
908,1,114,07:00.0,08:00.0,0,1
909,2,114,02:00.0,01:00.0,0,1
910,9,114,01:00.0,06:00.0,1,1
911,11,114,06:00.0,03:00.0,1,0
912,10,114,01:00.0,08:00.0,0,1
913,3,115,04:00.0,03:00.0,0,1
914,6,115,05:00.0,03:00.0,1,0
915,4,115,04:00.0,06:00.0,1,1
916,10,115,01:00.0,01:00.0,0,1
917,8,115,03:00.0,06:00.0,1,1
918,5,115,01:00.0,02:00.0,0,1
919,1,115,03:00.0,08:00.0,1,1
920,11,115,04:00.0,03:00.0,0,1
921,7,116,04:00.0,03:00.0,0,1
922,5,116,01:00.0,07:00.0,1,1
923,4,116,07:00.0,05:00.0,0,1
924,6,116,03:00.0,07:00.0,0,1
925,9,116,07:00.0,07:00.0,0,1
926,1,116,07:00.0,06:00.0,0,0
927,8,116,05:00.0,02:00.0,0,1
928,3,116,05:00.0,04:00.0,0,1
929,8,117,05:00.0,04:00.0,0,1
930,5,117,00:00.0,01:00.0,1,1
931,4,117,08:00.0,00:00.0,0,1
932,9,117,07:00.0,03:00.0,1,1
933,7,117,04:00.0,00:00.0,0,0
934,2,117,04:00.0,02:00.0,0,1
935,11,117,00:00.0,05:00.0,0,1
936,10,117,08:00.0,03:00.0,0,1
937,7,118,00:00.0,03:00.0,0,1
938,11,118,03:00.0,05:00.0,0,1
939,2,118,02:00.0,02:00.0,0,1
940,1,118,05:00.0,07:00.0,1,1
941,3,118,02:00.0,05:00.0,0,1
942,5,118,07:00.0,04:00.0,0,1
943,10,118,04:00.0,01:00.0,0,1
944,9,118,07:00.0,07:00.0,0,1
945,11,119,02:00.0,00:00.0,0,1
946,1,119,04:00.0,01:00.0,1,1
947,8,119,07:00.0,02:00.0,0,1
948,4,119,07:00.0,01:00.0,0,1
949,6,119,07:00.0,00:00.0,0,1
950,5,119,04:00.0,04:00.0,1,1
951,9,119,02:00.0,07:00.0,1,1
952,2,119,03:00.0,02:00.0,1,1
953,10,120,05:00.0,04:00.0,0,1
954,2,120,05:00.0,07:00.0,1,1
955,1,120,05:00.0,05:00.0,0,1
956,9,120,05:00.0,06:00.0,1,1
957,7,120,02:00.0,06:00.0,1,1
958,8,120,08:00.0,07:00.0,0,1
959,5,120,06:00.0,05:00.0,0,1
960,4,120,05:00.0,08:00.0,1,1
961,2,121,06:00.0,00:00.0,1,1
962,11,121,00:00.0,06:00.0,0,0
963,7,121,01:00.0,08:00.0,0,1
964,3,121,02:00.0,01:00.0,0,1
965,8,121,02:00.0,08:00.0,0,1
966,5,121,02:00.0,03:00.0,1,1
967,4,121,00:00.0,08:00.0,1,1
968,10,121,02:00.0,03:00.0,1,1
969,2,122,01:00.0,05:00.0,1,0
970,8,122,04:00.0,01:00.0,0,1
971,11,122,06:00.0,02:00.0,0,1
972,6,122,04:00.0,06:00.0,1,1
973,10,122,04:00.0,07:00.0,0,1
974,3,122,08:00.0,03:00.0,1,1
975,7,122,00:00.0,08:00.0,0,1
976,4,122,07:00.0,05:00.0,0,1
977,9,123,05:00.0,03:00.0,1,1
978,4,123,06:00.0,01:00.0,1,1
979,2,123,03:00.0,04:00.0,1,1
980,6,123,05:00.0,07:00.0,0,1
981,3,123,02:00.0,04:00.0,0,1
982,11,123,01:00.0,00:00.0,1,1
983,10,123,07:00.0,04:00.0,0,1
984,1,123,02:00.0,05:00.0,1,1
985,9,124,06:00.0,02:00.0,0,1
986,8,124,01:00.0,02:00.0,0,1
987,7,124,08:00.0,01:00.0,1,1
988,10,124,01:00.0,02:00.0,0,1
989,3,124,04:00.0,00:00.0,0,1
990,11,124,00:00.0,04:00.0,0,1
991,2,124,05:00.0,03:00.0,1,1
992,4,124,07:00.0,04:00.0,0,1
993,5,125,08:00.0,07:00.0,0,1
994,11,125,05:00.0,05:00.0,1,1
995,9,125,04:00.0,07:00.0,1,1
996,7,125,01:00.0,00:00.0,1,1
997,2,125,01:00.0,05:00.0,1,1
998,10,125,06:00.0,05:00.0,1,1
999,4,125,00:00.0,06:00.0,1,1
1000,6,125,03:00.0,01:00.0,1,1
1001,7,126,06:00.0,04:00.0,0,1
1002,6,126,02:00.0,04:00.0,1,1
1003,2,126,04:00.0,05:00.0,0,1
1004,9,126,00:00.0,07:00.0,0,1
1005,11,126,02:00.0,00:00.0,0,1
1006,8,126,06:00.0,08:00.0,0,1
1007,1,126,06:00.0,00:00.0,1,1
1008,4,126,04:00.0,05:00.0,0,1
1009,10,127,00:00.0,04:00.0,0,1
1010,5,127,06:00.0,00:00.0,0,1
1011,9,127,03:00.0,08:00.0,0,1
1012,2,127,07:00.0,05:00.0,1,1
1013,7,127,08:00.0,01:00.0,0,1
1014,8,127,02:00.0,08:00.0,0,1
1015,1,127,02:00.0,02:00.0,0,1
1016,6,127,01:00.0,06:00.0,0,1
1017,10,128,08:00.0,07:00.0,0,1
1018,3,128,08:00.0,01:00.0,1,1
1019,4,128,05:00.0,04:00.0,1,1
1020,1,128,02:00.0,02:00.0,0,1
1021,5,128,06:00.0,03:00.0,0,1
1022,11,128,00:00.0,04:00.0,0,1
1023,6,128,04:00.0,01:00.0,0,1
1024,9,128,07:00.0,03:00.0,1,1
1025,9,129,06:00.0,08:00.0,1,1
1026,2,129,02:00.0,08:00.0,1,1
1027,5,129,04:00.0,03:00.0,1,1
1028,7,129,08:00.0,00:00.0,0,1
1029,1,129,00:00.0,08:00.0,0,1
1030,8,129,07:00.0,08:00.0,0,1
1031,4,129,04:00.0,06:00.0,0,0
1032,10,129,04:00.0,06:00.0,0,1
1033,11,130,03:00.0,04:00.0,0,1
1034,4,130,05:00.0,01:00.0,1,1
1035,8,130,07:00.0,06:00.0,1,1
1036,6,130,07:00.0,04:00.0,0,1
1037,7,130,08:00.0,07:00.0,0,1
1038,10,130,06:00.0,08:00.0,0,1
1039,2,130,01:00.0,04:00.0,1,1
1040,5,130,04:00.0,05:00.0,1,1
1041,1,131,02:00.0,05:00.0,0,1
1042,2,131,05:00.0,01:00.0,0,0
1043,8,131,07:00.0,08:00.0,1,0
1044,11,131,02:00.0,01:00.0,1,1
1045,10,131,08:00.0,06:00.0,1,1
1046,5,131,06:00.0,03:00.0,0,1
1047,7,131,02:00.0,08:00.0,1,1
1048,3,131,01:00.0,07:00.0,0,1
1049,2,132,01:00.0,02:00.0,1,0
1050,5,132,02:00.0,06:00.0,0,1
1051,1,132,06:00.0,05:00.0,0,1
1052,3,132,04:00.0,07:00.0,0,1
1053,9,132,07:00.0,01:00.0,0,1
1054,4,132,01:00.0,05:00.0,0,0
1055,7,132,01:00.0,02:00.0,0,1
1056,6,132,05:00.0,00:00.0,1,1
1057,10,133,05:00.0,00:00.0,0,1
1058,8,133,06:00.0,06:00.0,0,1
1059,6,133,05:00.0,02:00.0,1,1
1060,4,133,07:00.0,02:00.0,1,1
1061,5,133,05:00.0,08:00.0,0,1
1062,2,133,01:00.0,02:00.0,0,1
1063,11,133,07:00.0,04:00.0,0,1
1064,3,133,08:00.0,08:00.0,0,1
1065,5,134,06:00.0,00:00.0,1,1
1066,4,134,08:00.0,04:00.0,0,1
1067,3,134,07:00.0,04:00.0,0,1
1068,9,134,00:00.0,05:00.0,0,1
1069,8,134,05:00.0,04:00.0,0,1
1070,7,134,06:00.0,07:00.0,1,1
1071,11,134,05:00.0,00:00.0,0,1
1072,10,134,03:00.0,00:00.0,1,0
1073,5,135,08:00.0,05:00.0,0,1
1074,10,135,00:00.0,06:00.0,1,1
1075,4,135,08:00.0,07:00.0,1,1
1076,2,135,05:00.0,01:00.0,0,1
1077,7,135,07:00.0,07:00.0,1,1
1078,8,135,01:00.0,04:00.0,1,1
1079,11,135,03:00.0,06:00.0,0,1
1080,9,135,06:00.0,03:00.0,0,1
1081,11,136,00:00.0,01:00.0,1,1
1082,7,136,08:00.0,02:00.0,1,1
1083,2,136,01:00.0,01:00.0,0,1
1084,6,136,07:00.0,06:00.0,0,1
1085,1,136,07:00.0,04:00.0,0,1
1086,4,136,07:00.0,02:00.0,1,1
1087,10,136,06:00.0,01:00.0,1,0
1088,9,136,06:00.0,07:00.0,0,1
1089,6,137,00:00.0,06:00.0,0,1
1090,5,137,07:00.0,03:00.0,1,1
1091,3,137,05:00.0,00:00.0,0,1
1092,7,137,00:00.0,05:00.0,0,1
1093,1,137,04:00.0,02:00.0,0,1
1094,2,137,00:00.0,04:00.0,1,1
1095,9,137,08:00.0,04:00.0,0,1
1096,4,137,05:00.0,05:00.0,0,0
1097,3,138,07:00.0,04:00.0,1,1
1098,10,138,01:00.0,05:00.0,0,0
1099,11,138,07:00.0,07:00.0,0,1
1100,1,138,08:00.0,04:00.0,0,1
1101,2,138,07:00.0,05:00.0,0,1
1102,5,138,07:00.0,05:00.0,0,1
1103,7,138,05:00.0,07:00.0,1,1
1104,8,138,04:00.0,06:00.0,1,1
1105,10,139,08:00.0,03:00.0,0,1
1106,11,139,08:00.0,00:00.0,0,1
1107,8,139,08:00.0,04:00.0,1,1
1108,5,139,00:00.0,06:00.0,1,1
1109,1,139,07:00.0,08:00.0,1,1
1110,9,139,03:00.0,05:00.0,0,1
1111,7,139,04:00.0,03:00.0,0,1
1112,3,139,00:00.0,01:00.0,0,1
1113,6,140,00:00.0,04:00.0,1,1
1114,11,140,01:00.0,05:00.0,0,1
1115,7,140,03:00.0,03:00.0,1,1
1116,9,140,06:00.0,01:00.0,0,1
1117,5,140,01:00.0,05:00.0,1,1
1118,1,140,02:00.0,00:00.0,0,1
1119,10,140,05:00.0,07:00.0,0,0
1120,3,140,06:00.0,04:00.0,0,1
1121,3,141,03:00.0,01:00.0,1,1
1122,4,141,07:00.0,04:00.0,1,1
1123,1,141,05:00.0,05:00.0,0,1
1124,9,141,07:00.0,04:00.0,1,0
1125,6,141,02:00.0,08:00.0,0,1
1126,10,141,02:00.0,08:00.0,1,0
1127,2,141,02:00.0,02:00.0,0,1
1128,8,141,07:00.0,04:00.0,0,0
1129,9,142,07:00.0,08:00.0,0,1
1130,3,142,03:00.0,01:00.0,1,1
1131,6,142,04:00.0,02:00.0,0,1
1132,8,142,02:00.0,08:00.0,1,0
1133,1,142,03:00.0,01:00.0,0,1
1134,4,142,07:00.0,03:00.0,1,1
1135,2,142,07:00.0,06:00.0,1,1
1136,10,142,03:00.0,00:00.0,0,1
1137,6,143,08:00.0,01:00.0,0,1
1138,11,143,01:00.0,05:00.0,1,1
1139,4,143,00:00.0,05:00.0,0,1
1140,9,143,04:00.0,06:00.0,0,1
1141,7,143,04:00.0,06:00.0,0,1
1142,1,143,03:00.0,08:00.0,0,1
1143,10,143,04:00.0,08:00.0,1,1
1144,2,143,08:00.0,05:00.0,1,1
1145,10,144,04:00.0,02:00.0,0,1
1146,1,144,05:00.0,01:00.0,0,1
1147,3,144,04:00.0,00:00.0,1,1
1148,8,144,05:00.0,06:00.0,1,1
1149,9,144,01:00.0,06:00.0,0,1
1150,11,144,00:00.0,00:00.0,0,1
1151,5,144,05:00.0,05:00.0,1,1
1152,6,144,03:00.0,01:00.0,0,1
1153,4,145,04:00.0,01:00.0,0,1
1154,3,145,04:00.0,02:00.0,0,1
1155,5,145,00:00.0,08:00.0,0,1
1156,7,145,04:00.0,07:00.0,0,1
1157,10,145,02:00.0,05:00.0,1,1
1158,9,145,07:00.0,06:00.0,1,1
1159,8,145,02:00.0,02:00.0,0,1
1160,11,145,07:00.0,05:00.0,1,1
1161,10,146,08:00.0,08:00.0,1,1
1162,9,146,06:00.0,08:00.0,0,1
1163,3,146,05:00.0,02:00.0,0,0
1164,8,146,06:00.0,06:00.0,1,1
1165,11,146,07:00.0,03:00.0,0,1
1166,7,146,03:00.0,06:00.0,0,1
1167,2,146,08:00.0,05:00.0,0,1
1168,6,146,08:00.0,07:00.0,0,1
1169,1,147,07:00.0,06:00.0,0,1
1170,10,147,04:00.0,01:00.0,1,1
1171,9,147,02:00.0,03:00.0,0,1
1172,5,147,08:00.0,01:00.0,0,1
1173,8,147,08:00.0,00:00.0,1,1
1174,7,147,05:00.0,02:00.0,1,1
1175,2,147,07:00.0,00:00.0,0,1
1176,3,147,05:00.0,04:00.0,0,0
1177,2,148,06:00.0,07:00.0,0,1
1178,4,148,08:00.0,06:00.0,1,1
1179,6,148,07:00.0,02:00.0,1,1
1180,8,148,08:00.0,03:00.0,0,1
1181,5,148,07:00.0,07:00.0,1,0
1182,10,148,07:00.0,04:00.0,0,1
1183,3,148,02:00.0,06:00.0,0,1
1184,11,148,02:00.0,03:00.0,0,1
1185,10,149,05:00.0,02:00.0,0,0
1186,9,149,00:00.0,02:00.0,0,0
1187,3,149,04:00.0,05:00.0,1,1
1188,5,149,06:00.0,04:00.0,0,1
1189,2,149,05:00.0,07:00.0,0,1
1190,8,149,03:00.0,05:00.0,0,1
1191,11,149,06:00.0,01:00.0,0,1
1192,4,149,04:00.0,06:00.0,1,1
1193,7,150,08:00.0,00:00.0,1,1
1194,5,150,04:00.0,05:00.0,0,0
1195,4,150,02:00.0,02:00.0,1,1
1196,3,150,03:00.0,01:00.0,0,1
1197,10,150,08:00.0,01:00.0,1,1
1198,6,150,01:00.0,02:00.0,1,1
1199,2,150,05:00.0,02:00.0,1,0
1200,11,150,00:00.0,04:00.0,0,1
1201,11,151,08:00.0,06:00.0,0,1
1202,6,151,05:00.0,02:00.0,0,1
1203,9,151,07:00.0,05:00.0,0,1
1204,7,151,02:00.0,05:00.0,1,1
1205,8,151,00:00.0,00:00.0,1,1
1206,10,151,05:00.0,01:00.0,0,1
1207,2,151,04:00.0,06:00.0,1,1
1208,5,151,01:00.0,05:00.0,0,1
1209,11,152,04:00.0,01:00.0,0,1
1210,4,152,05:00.0,06:00.0,0,1
1211,6,152,02:00.0,00:00.0,0,1
1212,1,152,02:00.0,03:00.0,0,1
1213,3,152,05:00.0,01:00.0,0,1
1214,5,152,07:00.0,00:00.0,1,0
1215,9,152,00:00.0,02:00.0,1,1
1216,2,152,01:00.0,02:00.0,0,1
1217,4,153,06:00.0,07:00.0,1,1
1218,9,153,00:00.0,02:00.0,0,0
1219,11,153,00:00.0,04:00.0,0,1
1220,3,153,04:00.0,05:00.0,0,1
1221,10,153,06:00.0,07:00.0,0,1
1222,2,153,08:00.0,06:00.0,1,1
1223,1,153,04:00.0,00:00.0,0,1
1224,7,153,05:00.0,06:00.0,1,1
1225,9,154,02:00.0,05:00.0,0,1
1226,10,154,05:00.0,01:00.0,1,1
1227,8,154,00:00.0,08:00.0,0,0
1228,5,154,07:00.0,03:00.0,0,0
1229,1,154,05:00.0,07:00.0,0,1
1230,4,154,08:00.0,08:00.0,1,1
1231,2,154,01:00.0,04:00.0,0,1
1232,7,154,08:00.0,04:00.0,0,1
1233,7,155,03:00.0,07:00.0,0,1
1234,1,155,08:00.0,01:00.0,0,1
1235,8,155,05:00.0,07:00.0,0,1
1236,6,155,07:00.0,02:00.0,1,1
1237,3,155,08:00.0,05:00.0,1,1
1238,9,155,04:00.0,01:00.0,0,1
1239,10,155,00:00.0,06:00.0,0,1
1240,2,155,04:00.0,02:00.0,0,0
1241,5,156,07:00.0,00:00.0,0,1
1242,11,156,05:00.0,05:00.0,0,1
1243,9,156,07:00.0,08:00.0,1,1
1244,7,156,03:00.0,05:00.0,1,1
1245,4,156,02:00.0,04:00.0,0,0
1246,6,156,02:00.0,02:00.0,1,0
1247,3,156,00:00.0,02:00.0,0,1
1248,2,156,08:00.0,08:00.0,0,1
1249,3,157,05:00.0,00:00.0,1,1
1250,4,157,03:00.0,07:00.0,0,1
1251,5,157,02:00.0,08:00.0,1,1
1252,6,157,01:00.0,03:00.0,0,1
1253,1,157,06:00.0,00:00.0,1,1
1254,11,157,04:00.0,07:00.0,0,1
1255,2,157,04:00.0,08:00.0,1,1
1256,7,157,02:00.0,00:00.0,0,1
1257,10,158,08:00.0,02:00.0,0,1
1258,4,158,08:00.0,04:00.0,0,1
1259,11,158,05:00.0,08:00.0,1,1
1260,7,158,03:00.0,05:00.0,0,1
1261,3,158,02:00.0,05:00.0,1,1
1262,2,158,04:00.0,05:00.0,1,0
1263,9,158,05:00.0,02:00.0,0,1
1264,8,158,02:00.0,08:00.0,0,1
1265,9,159,05:00.0,07:00.0,1,1
1266,7,159,05:00.0,08:00.0,1,1
1267,6,159,07:00.0,03:00.0,0,1
1268,2,159,06:00.0,08:00.0,1,1
1269,5,159,01:00.0,08:00.0,1,1
1270,4,159,08:00.0,02:00.0,0,1
1271,10,159,00:00.0,01:00.0,0,0
1272,8,159,08:00.0,08:00.0,0,1
1273,2,160,00:00.0,00:00.0,1,1
1274,7,160,06:00.0,05:00.0,1,1
1275,6,160,08:00.0,05:00.0,0,1
1276,11,160,03:00.0,05:00.0,0,1
1277,5,160,05:00.0,00:00.0,1,1
1278,10,160,01:00.0,02:00.0,0,0
1279,4,160,01:00.0,08:00.0,0,1
1280,3,160,06:00.0,07:00.0,0,1
1281,5,161,03:00.0,05:00.0,0,1
1282,8,161,03:00.0,06:00.0,1,1
1283,3,161,02:00.0,04:00.0,0,1
1284,11,161,08:00.0,04:00.0,0,1
1285,4,161,03:00.0,05:00.0,0,1
1286,9,161,07:00.0,02:00.0,0,1
1287,7,161,05:00.0,04:00.0,0,1
1288,2,161,00:00.0,08:00.0,0,1
1289,2,162,04:00.0,05:00.0,0,1
1290,4,162,05:00.0,07:00.0,0,1
1291,5,162,05:00.0,07:00.0,0,1
1292,7,162,04:00.0,03:00.0,0,1
1293,8,162,03:00.0,00:00.0,1,1
1294,11,162,04:00.0,05:00.0,1,0
1295,10,162,03:00.0,03:00.0,1,1
1296,1,162,07:00.0,04:00.0,1,0
1297,6,163,08:00.0,05:00.0,1,1
1298,1,163,00:00.0,07:00.0,0,1
1299,5,163,08:00.0,08:00.0,0,1
1300,10,163,05:00.0,08:00.0,0,0
1301,2,163,08:00.0,05:00.0,1,0
1302,4,163,03:00.0,04:00.0,1,1
1303,3,163,04:00.0,02:00.0,0,1
1304,9,163,02:00.0,04:00.0,1,1
1305,4,164,02:00.0,00:00.0,0,1
1306,6,164,08:00.0,06:00.0,0,0
1307,1,164,01:00.0,08:00.0,0,0
1308,9,164,01:00.0,01:00.0,0,1
1309,8,164,01:00.0,05:00.0,0,1
1310,10,164,08:00.0,02:00.0,1,1
1311,5,164,00:00.0,02:00.0,1,1
1312,7,164,03:00.0,06:00.0,0,1
1313,4,165,04:00.0,06:00.0,1,0
1314,9,165,05:00.0,00:00.0,0,1
1315,8,165,01:00.0,01:00.0,1,1
1316,5,165,03:00.0,07:00.0,1,1
1317,2,165,02:00.0,05:00.0,1,1
1318,1,165,06:00.0,00:00.0,0,1
1319,7,165,00:00.0,01:00.0,0,1
1320,6,165,08:00.0,06:00.0,1,1
1321,10,166,04:00.0,07:00.0,0,0
1322,11,166,06:00.0,06:00.0,1,1
1323,9,166,05:00.0,03:00.0,1,1
1324,8,166,04:00.0,03:00.0,0,1
1325,5,166,02:00.0,07:00.0,0,1
1326,6,166,02:00.0,05:00.0,0,1
1327,3,166,07:00.0,06:00.0,1,1
1328,2,166,08:00.0,05:00.0,0,1
1329,6,167,03:00.0,05:00.0,0,1
1330,3,167,06:00.0,04:00.0,1,1
1331,8,167,08:00.0,07:00.0,0,1
1332,11,167,00:00.0,08:00.0,0,0
1333,2,167,08:00.0,03:00.0,0,1
1334,7,167,05:00.0,02:00.0,0,1
1335,4,167,05:00.0,08:00.0,0,1
1336,5,167,01:00.0,04:00.0,1,1
1337,6,168,01:00.0,03:00.0,1,1
1338,2,168,00:00.0,05:00.0,1,1
1339,3,168,05:00.0,08:00.0,0,1
1340,11,168,05:00.0,04:00.0,0,1
1341,9,168,02:00.0,02:00.0,0,0
1342,8,168,01:00.0,00:00.0,0,1
1343,1,168,00:00.0,06:00.0,0,1
1344,10,168,03:00.0,00:00.0,1,1
1345,3,169,00:00.0,05:00.0,0,1
1346,6,169,05:00.0,03:00.0,0,1
1347,4,169,05:00.0,00:00.0,0,1
1348,2,169,05:00.0,01:00.0,1,1
1349,9,169,03:00.0,03:00.0,0,1
1350,10,169,02:00.0,06:00.0,0,1
1351,8,169,08:00.0,00:00.0,0,1
1352,11,169,04:00.0,03:00.0,1,1
1353,2,170,06:00.0,06:00.0,0,1
1354,8,170,03:00.0,03:00.0,0,1
1355,5,170,04:00.0,00:00.0,1,1
1356,4,170,00:00.0,00:00.0,1,1
1357,6,170,02:00.0,04:00.0,0,1
1358,3,170,00:00.0,05:00.0,0,1
1359,11,170,04:00.0,03:00.0,1,1
1360,1,170,07:00.0,03:00.0,0,1
1361,10,171,04:00.0,07:00.0,1,1
1362,9,171,04:00.0,05:00.0,0,1
1363,2,171,04:00.0,02:00.0,0,1
1364,5,171,03:00.0,06:00.0,0,1
1365,1,171,02:00.0,00:00.0,0,1
1366,3,171,08:00.0,07:00.0,1,1
1367,7,171,06:00.0,04:00.0,0,1
1368,4,171,06:00.0,07:00.0,0,1
1369,1,172,02:00.0,00:00.0,0,1
1370,2,172,04:00.0,03:00.0,0,1
1371,10,172,08:00.0,02:00.0,1,1
1372,4,172,08:00.0,02:00.0,0,1
1373,7,172,08:00.0,07:00.0,0,1
1374,11,172,05:00.0,05:00.0,0,1
1375,3,172,06:00.0,05:00.0,0,1
1376,9,172,05:00.0,00:00.0,1,1
1377,3,173,06:00.0,06:00.0,1,1
1378,9,173,03:00.0,08:00.0,1,0
1379,5,173,02:00.0,03:00.0,0,1
1380,7,173,08:00.0,04:00.0,0,1
1381,8,173,04:00.0,05:00.0,0,1
1382,6,173,03:00.0,05:00.0,1,1
1383,4,173,06:00.0,01:00.0,0,0
1384,1,173,08:00.0,08:00.0,0,1
1385,8,174,04:00.0,03:00.0,1,1
1386,6,174,01:00.0,01:00.0,0,0
1387,2,174,02:00.0,01:00.0,1,1
1388,11,174,07:00.0,00:00.0,1,1
1389,3,174,07:00.0,05:00.0,0,1
1390,4,174,02:00.0,08:00.0,0,0
1391,9,174,02:00.0,02:00.0,1,1
1392,1,174,08:00.0,04:00.0,0,0
1393,10,175,04:00.0,04:00.0,0,1
1394,1,175,03:00.0,06:00.0,0,1
1395,6,175,05:00.0,08:00.0,1,1
1396,9,175,08:00.0,03:00.0,0,1
1397,2,175,03:00.0,08:00.0,1,1
1398,3,175,05:00.0,08:00.0,0,1
1399,5,175,06:00.0,01:00.0,0,1
1400,8,175,02:00.0,05:00.0,0,1
1401,1,176,04:00.0,01:00.0,0,1
1402,4,176,06:00.0,02:00.0,0,1
1403,6,176,08:00.0,08:00.0,0,1
1404,9,176,08:00.0,06:00.0,1,1
1405,3,176,05:00.0,08:00.0,0,1
1406,10,176,02:00.0,03:00.0,1,1
1407,7,176,08:00.0,00:00.0,0,1
1408,5,176,08:00.0,06:00.0,1,1
1409,3,177,07:00.0,07:00.0,0,1
1410,2,177,08:00.0,07:00.0,0,1
1411,11,177,05:00.0,03:00.0,1,1
1412,4,177,05:00.0,08:00.0,0,1
1413,7,177,06:00.0,04:00.0,0,1
1414,1,177,00:00.0,01:00.0,0,1
1415,6,177,00:00.0,07:00.0,0,1
1416,10,177,01:00.0,05:00.0,1,1
1417,3,178,08:00.0,06:00.0,1,0
1418,8,178,08:00.0,07:00.0,1,0
1419,11,178,00:00.0,01:00.0,0,1
1420,10,178,07:00.0,06:00.0,1,1
1421,1,178,04:00.0,03:00.0,0,1
1422,2,178,02:00.0,06:00.0,0,1
1423,5,178,08:00.0,02:00.0,0,1
1424,4,178,04:00.0,07:00.0,1,1
1425,10,179,04:00.0,06:00.0,0,1
1426,9,179,02:00.0,06:00.0,0,1
1427,6,179,08:00.0,05:00.0,0,0
1428,7,179,06:00.0,08:00.0,1,1
1429,4,179,02:00.0,06:00.0,0,0
1430,2,179,08:00.0,04:00.0,1,1
1431,8,179,00:00.0,05:00.0,1,1
1432,5,179,03:00.0,06:00.0,0,1
1433,3,180,02:00.0,04:00.0,1,1
1434,10,180,04:00.0,03:00.0,0,1
1435,11,180,03:00.0,01:00.0,0,1
1436,2,180,06:00.0,01:00.0,1,1
1437,5,180,06:00.0,03:00.0,0,1
1438,7,180,02:00.0,08:00.0,0,1
1439,9,180,00:00.0,03:00.0,0,1
1440,6,180,02:00.0,06:00.0,0,1
1441,7,181,01:00.0,08:00.0,0,1
1442,1,181,07:00.0,00:00.0,0,1
1443,2,181,01:00.0,07:00.0,1,1
1444,9,181,00:00.0,05:00.0,0,1
1445,8,181,03:00.0,06:00.0,0,1
1446,6,181,08:00.0,02:00.0,1,1
1447,4,181,04:00.0,07:00.0,1,1
1448,3,181,05:00.0,04:00.0,0,1
1449,11,182,00:00.0,00:00.0,0,1
1450,6,182,03:00.0,07:00.0,1,1
1451,5,182,05:00.0,06:00.0,0,1
1452,9,182,07:00.0,08:00.0,0,1
1453,4,182,01:00.0,05:00.0,1,0
1454,1,182,02:00.0,00:00.0,1,1
1455,7,182,05:00.0,00:00.0,0,1
1456,3,182,01:00.0,05:00.0,1,1
1457,3,183,07:00.0,08:00.0,0,0
1458,9,183,03:00.0,07:00.0,1,0
1459,2,183,04:00.0,06:00.0,1,1
1460,11,183,08:00.0,06:00.0,1,0
1461,4,183,08:00.0,00:00.0,0,1
1462,8,183,07:00.0,05:00.0,0,0
1463,1,183,02:00.0,01:00.0,0,1
1464,6,183,03:00.0,08:00.0,1,1
1465,11,184,06:00.0,05:00.0,0,1
1466,3,184,04:00.0,06:00.0,0,1
1467,4,184,02:00.0,02:00.0,0,0
1468,10,184,08:00.0,07:00.0,0,1
1469,8,184,03:00.0,01:00.0,0,1
1470,1,184,07:00.0,07:00.0,0,1
1471,5,184,05:00.0,03:00.0,1,1
1472,6,184,02:00.0,06:00.0,1,1
1473,8,185,02:00.0,07:00.0,0,1
1474,10,185,08:00.0,00:00.0,0,1
1475,3,185,00:00.0,00:00.0,1,1
1476,11,185,02:00.0,01:00.0,0,1
1477,1,185,07:00.0,03:00.0,0,1
1478,5,185,03:00.0,06:00.0,0,0
1479,9,185,01:00.0,02:00.0,0,1
1480,7,185,07:00.0,06:00.0,1,1
1481,11,186,03:00.0,05:00.0,0,1
1482,10,186,05:00.0,06:00.0,0,1
1483,2,186,06:00.0,05:00.0,1,1
1484,4,186,07:00.0,07:00.0,0,0
1485,3,186,08:00.0,06:00.0,0,1
1486,5,186,01:00.0,04:00.0,0,1
1487,8,186,07:00.0,03:00.0,0,1
1488,6,186,01:00.0,06:00.0,0,1
1489,8,187,03:00.0,00:00.0,1,1
1490,3,187,06:00.0,00:00.0,1,1
1491,9,187,04:00.0,03:00.0,0,1
1492,7,187,02:00.0,08:00.0,0,1
1493,5,187,00:00.0,07:00.0,0,1
1494,6,187,00:00.0,00:00.0,0,1
1495,1,187,04:00.0,02:00.0,0,1
1496,11,187,03:00.0,00:00.0,0,1
1497,6,188,04:00.0,06:00.0,1,1
1498,8,188,00:00.0,05:00.0,1,1
1499,2,188,08:00.0,02:00.0,0,1
1500,1,188,04:00.0,03:00.0,0,1
1501,9,188,06:00.0,08:00.0,0,1
1502,11,188,05:00.0,01:00.0,1,1
1503,7,188,03:00.0,00:00.0,0,1
1504,3,188,06:00.0,06:00.0,0,1
1505,8,189,01:00.0,05:00.0,1,0
1506,7,189,08:00.0,08:00.0,0,1
1507,3,189,00:00.0,07:00.0,1,1
1508,1,189,08:00.0,05:00.0,1,1
1509,10,189,08:00.0,07:00.0,0,1
1510,6,189,07:00.0,03:00.0,1,1
1511,9,189,00:00.0,02:00.0,0,1
1512,2,189,01:00.0,00:00.0,0,1
1513,8,190,04:00.0,02:00.0,0,1
1514,11,190,08:00.0,07:00.0,0,1
1515,4,190,07:00.0,07:00.0,0,1
1516,9,190,05:00.0,05:00.0,0,0
1517,6,190,04:00.0,08:00.0,0,1
1518,2,190,00:00.0,05:00.0,0,1
1519,5,190,03:00.0,07:00.0,0,1
1520,3,190,02:00.0,07:00.0,0,0
1521,2,191,06:00.0,04:00.0,0,1
1522,7,191,02:00.0,02:00.0,0,1
1523,10,191,06:00.0,08:00.0,0,1
1524,9,191,01:00.0,08:00.0,0,1
1525,1,191,02:00.0,03:00.0,0,1
1526,4,191,07:00.0,01:00.0,0,1
1527,5,191,05:00.0,01:00.0,1,1
1528,3,191,04:00.0,01:00.0,0,0
1529,11,192,06:00.0,06:00.0,1,1
1530,10,192,05:00.0,06:00.0,1,1
1531,6,192,06:00.0,00:00.0,0,1
1532,9,192,04:00.0,04:00.0,0,1
1533,7,192,01:00.0,01:00.0,0,1
1534,3,192,01:00.0,07:00.0,0,1
1535,2,192,08:00.0,00:00.0,0,1
1536,4,192,07:00.0,02:00.0,1,1
1537,2,193,01:00.0,04:00.0,0,1
1538,10,193,01:00.0,03:00.0,1,1
1539,4,193,07:00.0,03:00.0,0,1
1540,5,193,08:00.0,06:00.0,0,1
1541,6,193,03:00.0,07:00.0,0,1
1542,8,193,07:00.0,03:00.0,0,1
1543,1,193,04:00.0,04:00.0,0,0
1544,11,193,03:00.0,07:00.0,1,1
1545,10,194,07:00.0,02:00.0,1,1
1546,6,194,08:00.0,08:00.0,0,1
1547,8,194,05:00.0,05:00.0,1,1
1548,11,194,04:00.0,08:00.0,0,0
1549,4,194,02:00.0,04:00.0,1,0
1550,2,194,07:00.0,05:00.0,0,1
1551,3,194,02:00.0,05:00.0,0,1
1552,7,194,03:00.0,06:00.0,1,1
1553,4,195,02:00.0,00:00.0,0,1
1554,8,195,06:00.0,00:00.0,0,1
1555,2,195,03:00.0,08:00.0,1,1
1556,11,195,01:00.0,02:00.0,1,1
1557,1,195,06:00.0,08:00.0,0,1
1558,3,195,00:00.0,00:00.0,0,0
1559,6,195,00:00.0,01:00.0,0,1
1560,5,195,02:00.0,02:00.0,1,1
1561,4,196,07:00.0,06:00.0,0,0
1562,6,196,00:00.0,06:00.0,0,1
1563,7,196,06:00.0,01:00.0,0,1
1564,3,196,07:00.0,04:00.0,0,1
1565,9,196,03:00.0,02:00.0,0,0
1566,10,196,05:00.0,00:00.0,0,1
1567,5,196,05:00.0,03:00.0,0,1
1568,8,196,08:00.0,03:00.0,0,0
1569,1,197,00:00.0,03:00.0,0,1
1570,2,197,04:00.0,08:00.0,0,1
1571,4,197,05:00.0,04:00.0,0,0
1572,5,197,00:00.0,05:00.0,1,1
1573,10,197,07:00.0,00:00.0,0,1
1574,11,197,03:00.0,06:00.0,1,1
1575,9,197,01:00.0,02:00.0,0,1
1576,7,197,04:00.0,01:00.0,0,1
1577,11,198,02:00.0,00:00.0,0,1
1578,9,198,06:00.0,08:00.0,0,1
1579,3,198,04:00.0,02:00.0,0,1
1580,5,198,03:00.0,06:00.0,0,1
1581,7,198,05:00.0,04:00.0,1,1
1582,6,198,08:00.0,00:00.0,0,0
1583,1,198,07:00.0,06:00.0,0,1
1584,4,198,06:00.0,06:00.0,0,1
1585,7,199,08:00.0,00:00.0,0,1
1586,10,199,01:00.0,01:00.0,0,1
1587,3,199,00:00.0,01:00.0,1,1
1588,2,199,03:00.0,04:00.0,0,1
1589,6,199,07:00.0,08:00.0,0,1
1590,9,199,00:00.0,02:00.0,0,1
1591,11,199,08:00.0,07:00.0,1,1
1592,1,199,07:00.0,01:00.0,0,1
1593,6,200,00:00.0,02:00.0,0,1
1594,3,200,06:00.0,01:00.0,0,1
1595,4,200,05:00.0,00:00.0,0,1
1596,11,200,00:00.0,01:00.0,0,1
1597,9,200,02:00.0,03:00.0,0,1
1598,10,200,04:00.0,06:00.0,0,1
1599,1,200,08:00.0,00:00.0,0,1
1600,2,200,04:00.0,05:00.0,0,1
1601,1,201,00:00.0,04:00.0,1,1
1602,7,201,07:00.0,05:00.0,0,1
1603,10,201,04:00.0,01:00.0,1,1
1604,9,201,05:00.0,06:00.0,0,1
1605,6,201,01:00.0,03:00.0,0,1
1606,11,201,05:00.0,00:00.0,0,0
1607,5,201,00:00.0,04:00.0,0,1
1608,3,201,03:00.0,07:00.0,0,1
1609,10,202,02:00.0,03:00.0,1,1
1610,3,202,07:00.0,03:00.0,0,1
1611,7,202,05:00.0,04:00.0,1,1
1612,6,202,01:00.0,02:00.0,0,1
1613,9,202,01:00.0,06:00.0,0,1
1614,1,202,04:00.0,02:00.0,1,1
1615,4,202,00:00.0,08:00.0,0,1
1616,11,202,03:00.0,07:00.0,0,1
1617,7,203,06:00.0,05:00.0,0,1
1618,4,203,07:00.0,01:00.0,0,1
1619,1,203,00:00.0,07:00.0,1,1
1620,8,203,04:00.0,04:00.0,0,1
1621,3,203,00:00.0,07:00.0,0,1
1622,9,203,02:00.0,06:00.0,0,1
1623,2,203,02:00.0,03:00.0,1,1
1624,11,203,00:00.0,05:00.0,0,1
1625,7,204,02:00.0,02:00.0,0,1
1626,11,204,02:00.0,06:00.0,1,1
1627,4,204,01:00.0,00:00.0,1,1
1628,1,204,08:00.0,07:00.0,0,1
1629,6,204,04:00.0,08:00.0,0,1
1630,3,204,02:00.0,08:00.0,0,1
1631,8,204,07:00.0,01:00.0,1,1
1632,10,204,08:00.0,02:00.0,0,1
1633,1,205,00:00.0,03:00.0,1,1
1634,10,205,02:00.0,07:00.0,0,1
1635,3,205,02:00.0,08:00.0,0,1
1636,4,205,05:00.0,02:00.0,0,1
1637,11,205,05:00.0,08:00.0,1,1
1638,7,205,07:00.0,01:00.0,1,1
1639,5,205,01:00.0,08:00.0,0,1
1640,8,205,03:00.0,03:00.0,0,1
1641,6,206,08:00.0,05:00.0,0,1
1642,10,206,00:00.0,00:00.0,0,1
1643,7,206,08:00.0,03:00.0,0,1
1644,8,206,04:00.0,01:00.0,0,1
1645,1,206,02:00.0,08:00.0,0,0
1646,5,206,03:00.0,06:00.0,0,1
1647,4,206,06:00.0,00:00.0,0,1
1648,9,206,00:00.0,04:00.0,0,1
1649,1,207,03:00.0,06:00.0,1,1
1650,5,207,06:00.0,06:00.0,0,1
1651,9,207,06:00.0,01:00.0,1,1
1652,11,207,08:00.0,07:00.0,0,1
1653,7,207,00:00.0,04:00.0,1,1
1654,6,207,01:00.0,05:00.0,1,1
1655,8,207,05:00.0,04:00.0,0,1
1656,4,207,04:00.0,03:00.0,0,1
1657,4,208,04:00.0,00:00.0,0,1
1658,7,208,02:00.0,02:00.0,1,0
1659,3,208,04:00.0,05:00.0,0,1
1660,9,208,08:00.0,01:00.0,0,1
1661,2,208,00:00.0,00:00.0,1,1
1662,1,208,04:00.0,02:00.0,0,1
1663,11,208,07:00.0,00:00.0,1,1
1664,8,208,07:00.0,06:00.0,0,1
1665,5,209,03:00.0,06:00.0,1,1
1666,3,209,03:00.0,02:00.0,0,1
1667,1,209,05:00.0,05:00.0,1,1
1668,4,209,01:00.0,05:00.0,1,1
1669,2,209,07:00.0,04:00.0,0,1
1670,9,209,02:00.0,02:00.0,0,0
1671,8,209,08:00.0,06:00.0,0,1
1672,6,209,03:00.0,01:00.0,0,1
1673,1,210,02:00.0,03:00.0,1,1
1674,7,210,00:00.0,00:00.0,0,1
1675,4,210,02:00.0,07:00.0,0,1
1676,3,210,06:00.0,06:00.0,0,1
1677,8,210,00:00.0,03:00.0,0,0
1678,10,210,03:00.0,06:00.0,1,0
1679,9,210,00:00.0,06:00.0,0,1
1680,6,210,00:00.0,04:00.0,1,1
1681,11,211,04:00.0,05:00.0,1,0
1682,10,211,07:00.0,02:00.0,1,1
1683,2,211,07:00.0,04:00.0,0,1
1684,7,211,04:00.0,03:00.0,0,1
1685,6,211,08:00.0,08:00.0,0,1
1686,8,211,05:00.0,03:00.0,1,1
1687,1,211,08:00.0,00:00.0,1,1
1688,4,211,03:00.0,01:00.0,1,1
